{"mean":{"confidence_interval":{"confidence_level":0.95,"lower_bound":4830827476.934,"upper_bound":5099095486.199499},"point_estimate":4959168547.13,"standard_error":68671093.77163775},"median":{"confidence_interval":{"confidence_level":0.95,"lower_bound":4630920645.5,"upper_bound":4956116541.5},"point_estimate":4861010104.0,"standard_error":84825459.70039536},"median_abs_dev":{"confidence_interval":{"confidence_level":0.95,"lower_bound":443366437.6075698,"upper_bound":717099723.187235},"point_estimate":597904493.3888733,"standard_error":71557342.37868908},"slope":null,"std_dev":{"confidence_interval":{"confidence_level":0.95,"lower_bound":520961762.913211,"upper_bound":847117052.9916127},"point_estimate":692556297.7236913,"standard_error":83537093.25990449}}