{"mean":{"confidence_interval":{"confidence_level":0.95,"lower_bound":-0.7768025107240685,"upper_bound":-0.7580149582576391},"point_estimate":-0.7673424818291221,"standard_error":0.004796166706653341},"median":{"confidence_interval":{"confidence_level":0.95,"lower_bound":-0.7823793338220321,"upper_bound":-0.7586413202577197},"point_estimate":-0.7686627875463751,"standard_error":0.00616420927263697}}