{"mean":{"confidence_interval":{"confidence_level":0.95,"lower_bound":-0.5748275986620203,"upper_bound":-0.5234082156069949},"point_estimate":-0.5497956383746891,"standard_error":0.013157814782618833},"median":{"confidence_interval":{"confidence_level":0.95,"lower_bound":-0.6036583713836594,"upper_bound":-0.5653118160839802},"point_estimate":-0.588430996105957,"standard_error":0.009521440087136327}}