{"mean":{"confidence_interval":{"confidence_level":0.95,"lower_bound":4865288423.71425,"upper_bound":5353675833.79},"point_estimate":5102463562.11,"standard_error":124887162.95918159},"median":{"confidence_interval":{"confidence_level":0.95,"lower_bound":4338568729.0,"upper_bound":4723726479.0},"point_estimate":4460689145.5,"standard_error":92791952.65197344},"median_abs_dev":{"confidence_interval":{"confidence_level":0.95,"lower_bound":286777057.8740895,"upper_bound":847500807.9726672},"point_estimate":442388619.132632,"standard_error":132648291.99546532},"slope":null,"std_dev":{"confidence_interval":{"confidence_level":0.95,"lower_bound":990091901.202499,"upper_bound":1522223327.5035706},"point_estimate":1263595027.990028,"standard_error":136700517.18345165}}